en;fr;nl
Inductive applications;Applications inductives;Inductieve toepassingen
Ultra Low Power Active Medical Implants;Implants médicaux actifs de puissance ultra basse;Actieve medische implantaatsystemen met ultralaag vermogen
On-site paging;Recherche-personnes;Personenzoeksystemen
Maritime military systems;Systèmes militaires maritimes;Maritieme militaire systemen
Inductive applications (9-59.75 kHz);Applications inductives (9-59.75 kHz);Inductieve toepassingen (9-59.75 kHz)
Point-to-Point;Point-à-point;Punt-tot-punt
Inductive applications (59.75-60.25 kHz);Applications inductives (59.75-60.25 kHz);Inductieve toepassingen (59.75-60.25 kHz)
Inductive applications (60.25-74.75 kHz);Applications inductives (60.25-74.75 kHz);Inductieve toepassingen (60.25-74.75 kHz)
Inductive applications (74.75-75.25 kHz);Applications inductives (74.75-75.25 kHz);Inductieve toepassingen (74.75-75.25 kHz)
Inductive applications (75.25-77.25 kHz);Applications inductives (75.25-77.25 kHz);Inductieve toepassingen (75.25-77.25 kHz)
Inductive applications (77.25-77.75 kHz);Applications inductives (77.25-77.75 kHz);Inductieve toepassingen (77.25-77.75 kHz)
Inductive applications (77.75-90 kHz);Applications inductives (77.75-90 kHz);Inductieve toepassingen (77.75-90 kHz)
Inductive applications (90-119 kHz);Applications inductives (90-119 kHz);Inductieve toepassingen (90-119 kHz)
Inductive applications (119-128.6 kHz);Applications inductives (119-128.6 kHz);Inductieve toepassingen (119-128.6 kHz)
Inductive applications (128.6-129.6 kHz);Applications inductives (128.6-129.6 kHz);Inductieve toepassingen (128.6-129.6 kHz)
Inductive applications (129.6-135 kHz);Applications inductives (129.6-135 kHz);Inductieve toepassingen (129.6-135 kHz)
Inductive applications (135-140 kHz);Applications inductives (135-140 kHz);Inductieve toepassingen (135-140 kHz)
Amateur;Amateur;Amateur
Inductive applications (140-148.5 kHz);Applications inductives (140-148.5 kHz);Inductieve toepassingen (140-148.5 kHz)
Inductive applications (148.5-5000 kHz);Applications inductives (148.5-5000 kHz);Inductieve toepassingen (148.5-5000 kHz)
Beacons (aeronautical);Balises (aéronautique);Bakens (aëronautisch)
Beacons (maritime);Balises (maritime);Bakens (maritiem)
Defence systems;Systèmes militaires;Militaire systemen
Ultra Low Power Animal Implantable Devices;Dispositifs implantables pour animaux de puissance ultra basse;Implantaten voor dieren met ultralaag vermogen
Inductive applications (400-600 kHz);Applications inductives (400-600 kHz);Inductieve toepassingen (400-600 kHz)
Maritime communications;Communications maritimes;Maritieme communicatie
Emergency detection (456.9-457.1 kHz) (457 kHz);Détection d'urgence (456.9-457.1 kHz) (457 kHz);Nooddetectie (456.9-457.1 kHz) (457 kHz)
Amateur (472-479 kHz);Amateur (472-479 kHz);Amateur (472-479 kHz)
GMDSS;SMDSM;GMDSS
Amateur (501-504 kHz);Amateur (501-504 kHz);Amateur (501-504 kHz)
NAVTEX (517.5-518.5 kHz) (GMDSS-SOLAS);NAVTEX (517.5-518.5 kHz) (GMDSS-SOLAS);NAVTEX (517.5-518.5 kHz) (GMDSS-SOLAS)
NAVTEX (517.5-518.5 kHz) (GMDSS-non SOLAS);NAVTEX (517.5-518.5 kHz) (GMDSS-non SOLAS);NAVTEX (517.5-518.5 kHz) (GMDSS-non SOLAS)
Ultra Low Power Animal Implantable Devices (315-600 kHz);Dispositifs implantables pour animaux de puissance ultra basse (315-600 kHz);Implantaten voor dieren met ultralaag vermogen (315-600 kHz)
AM sound analogue;AM sonore analogique;Analoge AM-klankradio
Eurobalise (984-7484 kHz) (Balise up-link);Eurobalise (984-7484 kHz) (Balise up-link);Eurobalise (984-7484 kHz) (Balise up-link)
Eurobalise (Balise up-link);Eurobalise (Balise up-link);Eurobalise (Balise up-link)
Aeronautical communications;Communications aéronautiques;Luchtvaartcommunicatie
Aeronautical military systems;Systèmes militaires aéronautiques;Militaire luchtvaartsystemen
Inductive applications (148.5-5000 kHz) (148.5-5000 kHz);Applications inductives (148.5-5000 kHz) (148.5-5000 kHz);Inductieve toepassingen (148.5-5000 kHz) (148.5-5000 kHz)
Inductive applications (5000-30000 kHz) (5000-30000 kHz);Applications inductives (5000-30000 kHz) (5000-30000 kHz);Inductieve toepassingen (5000-30000 kHz) (5000-30000 kHz)
Inductive applications (5000-30000 kHz);Applications inductives (5000-30000 kHz);Inductieve toepassingen (5000-30000 kHz)
Amateur (5351.5-5366.5 kHz);Amateur (5351.5-5366.5 kHz);Amateur (5351.5-5366.5 kHz)
Inductive applications (6765-6795 kHz);Applications inductives (6765-6795 kHz);Inductieve toepassingen (6765-6795 kHz)
ISM (6765-6795 kHz);ISM (6765-6795 kHz);ISM (6765-6795 kHz)
Non-specific Short Range Devices (6765-6795 kHz);Dispositifs à courte portée non-spécifiques (6765-6795 kHz);Niet-specifieke korteafstandsapparatuur (6765-6795 kHz)
Amateur-satellite;Amateur par satellite;Amateur via satelliet
Euroloop (Loop up-link);Euroloop (Loop up-link);Euroloop (Loop up-link)
Inductive applications (7400-8800 kHz);Applications inductives (7400-8800 kHz);Inductieve toepassingen (7400-8800 kHz)
Inductive applications (10200-11000 kHz);Applications inductives (10200-11000 kHz);Inductieve toepassingen (10200-11000 kHz)
Ultra Low Power Animal Implantable Devices (12500-20000 kHz);Dispositifs implantables pour animaux de puissance ultra basse (12500-20000 kHz);Implantaten voor dieren met ultralaag vermogen (12500-20000 kHz)
Inductive applications (13553-13567 kHz);Applications inductives (13553-13567 kHz);Inductieve toepassingen (13553-13567 kHz)
ISM (13553-13567 kHz);ISM (13553-13567 kHz);ISM (13553-13567 kHz)
Non-specific Short Range Devices (13553-13567 kHz);Dispositifs à courte portée non-spécifiques (13553-13567 kHz);Niet-specifieke korteafstandsapparatuur (13553-13567 kHz)
Euroloop (7300-23000 kHz) (Loop up-link);Euroloop (7300-23000 kHz) (Loop up-link);Euroloop (7300-23000 kHz) (Loop up-link)
On-site paging (26500-26960 kHz);Recherche-personnes (26500-26960 kHz);Personenzoeksystemen (26500-26960 kHz)
Inductive applications (26957-27283 kHz);Applications inductives (26957-27283 kHz);Inductieve toepassingen (26957-27283 kHz)
ISM (26957-27283 kHz);ISM (26957-27283 kHz);ISM (26957-27283 kHz)
Non-specific Short Range Devices (26957-27283 kHz);Dispositifs à courte portée non-spécifiques (26957-27283 kHz);Niet-specifieke korteafstandsapparatuur (26957-27283 kHz)
AM CB (26960-26990 kHz);CB AM (26960-26990 kHz);CB AM (26960-26990 kHz)
Model control (26990-27000 kHz);Modèles réduits (26990-27000 kHz);Kleine modellen (26990-27000 kHz)
Non-specific Short Range Devices (26990-27000 kHz);Dispositifs à courte portée non-spécifiques (26990-27000 kHz);Niet-specifieke korteafstandsapparatuur (26990-27000 kHz)
AM CB (27000-27040 kHz);CB AM (27000-27040 kHz);CB AM (27000-27040 kHz)
Model control (27040-27050 kHz);Modèles réduits (27040-27050 kHz);Kleine modellen (27040-27050 kHz)
Non-specific Short Range Devices (27040-27050 kHz);Dispositifs à courte portée non-spécifiques (27040-27050 kHz);Niet-specifieke korteafstandsapparatuur (27040-27050 kHz)
AM CB (27050-27090 kHz);CB AM (27050-27090 kHz);CB AM (27050-27090 kHz)
Eurobalise (27090-27100 kHz) (Balise tele-powering and down-link);Eurobalise (27090-27100 kHz) (Télé-alimentation et downlink des balises);Eurobalise (27090-27100 kHz) (Teleladen en downlink van bakens)
Model control (27090-27100 kHz);Modèles réduits (27090-27100 kHz);Kleine modellen (27090-27100 kHz)
Non-specific Short Range Devices (27090-27100 kHz);Dispositifs à courte portée non-spécifiques (27090-27100 kHz);Niet-specifieke korteafstandsapparatuur (27090-27100 kHz)
AM CB (27100-27140 kHz);CB AM (27100-27140 kHz);CB AM (27100-27140 kHz)
Model control (27140-27150 kHz);Modèles réduits (27140-27150 kHz);Kleine modellen (27140-27150 kHz)
Non-specific Short Range Devices (27140-27150 kHz);Dispositifs à courte portée non-spécifiques (27140-27150 kHz);Niet-specifieke korteafstandsapparatuur (27140-27150 kHz)
AM CB (27150-27190 kHz);CB AM (27150-27190 kHz);CB AM (27150-27190 kHz)
Model control (27190-27200 kHz);Modèles réduits (27190-27200 kHz);Kleine modellen (27190-27200 kHz)
Non-specific Short Range Devices (27190-27200 kHz);Dispositifs à courte portée non-spécifiques (27190-27200 kHz);Niet-specifieke korteafstandsapparatuur (27190-27200 kHz)
AM CB (27200-27410 kHz);CB AM (27200-27410 kHz);CB AM (27200-27410 kHz)
Ultra Low Power Medical Membrane Implants (30-37.5 MHz);Membranes d'implants médicaux de puissance ultrabasse (30-37.5 MHz);Medische membraam implantaten met ultra laag vermogen (30-37.5 MHz)
Ultra Low Power Medical Membrane Implants;Membranes d'implants médicaux de puissance ultrabasse;Medische membraam implantaten met ultra laag vermogen
PMR (Digital);PMR (Numérique);PMR (Digitaal)
PMR (Analogue);PMR (Analogique);PMR (Analoge)
Radio microphones;Microphones sans fil;Draadloze microfoons
Flying model control (34.995-35.335 MHz);Modèles réduits volants (34.995-35.335 MHz);Modelvliegtuigen (34.995-35.335 MHz)
Wireless audio/multimedia (36.6-36.8 MHz);Applications audio/multimédias sans fil (36.6-36.8 MHz);Draadloze audio/multimedia (36.6-36.8 MHz)
Wireless audio/multimedia (37-37.2 MHz);Applications audio/multimédias sans fil (37-37.2 MHz);Draadloze audio/multimedia (37-37.2 MHz)
Wireless audio/multimedia (37.8-38 MHz);Applications audio/multimédias sans fil (37.8-38 MHz);Draadloze audio/multimedia (37.8-38 MHz)
Flying model control (40.57-40.66 MHz);Modèles réduits volants (40.57-40.66 MHz);Modelvliegtuigen (40.57-40.66 MHz)
ISM (40.66-40.7 MHz);ISM (40.66-40.7 MHz);ISM (40.66-40.7 MHz)
Non-specific Short Range Devices (40.66-40.7 MHz);Dispositifs à courte portée non-spécifiques (40.66-40.7 MHz);Niet-specifieke korteafstandsapparatuur (40.66-40.7 MHz)
Model control (40.66-40.67 MHz);Modèles réduits (40.66-40.67 MHz);Kleine modellen (40.66-40.67 MHz)
Model control (40.67-40.68 MHz);Modèles réduits (40.67-40.68 MHz);Kleine modellen (40.67-40.68 MHz)
Model control (40.68-40.69 MHz);Modèles réduits (40.68-40.69 MHz);Kleine modellen (40.68-40.69 MHz)
Model control (40.69-40.7 MHz);Modèles réduits (40.69-40.7 MHz);Kleine modellen (40.69-40.7 MHz)
On-site paging (40.7-40.78 MHz);Recherche-personnes (40.7-40.78 MHz);Personenzoeksystemen (40.7-40.78 MHz)
On-site paging (41.015-41.035 MHz);Recherche-personnes (41.015-41.035 MHz);Personenzoeksystemen (41.015-41.035 MHz)
On-site paging (41.065-41.145 MHz);Recherche-personnes (41.065-41.145 MHz);Personenzoeksystemen (41.065-41.145 MHz)
On-site paging (41.155-41.185 MHz);Recherche-personnes (41.155-41.185 MHz);Personenzoeksystemen (41.155-41.185 MHz)
On-site paging (41.895-41.905 MHz);Recherche-personnes (41.895-41.905 MHz);Personenzoeksystemen (41.895-41.905 MHz)
Land military systems;Sytèmes militaires terrestres;Militaire landsystemen
Amateur (50-52 MHz);Amateur (50-52 MHz);Amateur (50-52 MHz)
Amateur (69.950 MHz);Amateur (69.950 MHz);Amateur (69.950 MHz)
Flying model control (70.0125-70.2625 MHz);Modèles réduits volants (70.0125-70.2625 MHz);Modelvliegtuigen (70.0125-70.2625 MHz)
ILS;ILS;ILS
FM sound analogue;FM sonore analogique;Analoge FM klank radio
Wireless audio/multimedia;Applications audio/multimédias sans fil;Draadloze audio/multimedia
VOR;VOR;VOR
EPIRBs (GMDSS-non SOLAS);EPIRBs (GMDSS-non SOLAS);EPIRBs (GMDSS-non SOLAS)
EPIRBs (GMDSS-SOLAS);EPIRBs (GMDSS-SOLAS);EPIRBs (GMDSS-SOLAS)
Space Operations;Exploitation spatiale;Ruimteoperatie
S-PCS;S-PCS;S-PCS
Weather satellites;Satellites météo;Weersatelliet
PMR (No new assignments);PMR (Pas de nouvelle assignation);PMR (Geen nieuwe toewijzingen)
Maritime communications (Portable station);Communications maritimes (Station portative);Maritieme communicatie (Portofone)
Maritime communications (Fixed station);Communications maritimes (Station fixe);Maritieme communicatie (Vast station)
DSC;DSC;DSC
SAR (communications);SAR (communications);SAR (communicatie)
Maritime communications (156.8375-157.45 MHz) (Fixed station);Communications maritimes (156.8375-157.45 MHz) (Station fixe);Maritieme communicatie (156.8375-157.45 MHz) (Vast station)
Maritime communications (156.8375-157.45 MHz) (Portable station);Communications maritimes (156.8375-157.45 MHz) (Station portative);Maritieme communicatie (156.8375-157.45 MHz) (Portofone)
PMR (157.45-160.6 MHz) (Analogue);PMR (157.45-160.6 MHz) (Analogique);PMR (157.45-160.6 MHz) (Analoge)
PMR (157.45-160.6 MHz) (Digital);PMR (157.45-160.6 MHz) (Numérique);PMR (157.45-160.6 MHz) (Digitaal)
Maritime communications (160.6-160.975 MHz) (Fixed station);Communications maritimes (160.6-160.975 MHz) (Station fixe);Maritieme communicatie (160.6-160.975 MHz) (Vast station)
Maritime communications (160.6-160.975 MHz) (Portable station);Communications maritimes (160.6-160.975 MHz) (Station portative);Maritieme communicatie (160.6-160.975 MHz) (Portofone)
PMR (160.975-161.475 MHz) (Digital);PMR (160.975-161.475 MHz) (Numérique);PMR (160.975-161.475 MHz) (Digitaal)
PMR (160.975-161.475 MHz) (Analogue);PMR (160.975-161.475 MHz) (Analogique);PMR (160.975-161.475 MHz) (Analoge)
Maritime communications (161.475-162.05 MHz) (Fixed station);Communications maritimes (161.475-162.05 MHz) (Station fixe);Maritieme communicatie (161.475-162.05 MHz) (Vast station)
Maritime communications (161.475-162.05 MHz) (Portable station);Communications maritimes (161.475-162.05 MHz) (Station portative);Maritieme communicatie (161.475-162.05 MHz) (Portofone)
PMR (162.05-169.4 MHz) (Digital);PMR (162.05-169.4 MHz) (Numérique);PMR (162.05-169.4 MHz) (Digitaal)
PMR (162.05-169.4 MHz) (Analogue);PMR (162.05-169.4 MHz) (Analogique);PMR (162.05-169.4 MHz) (Analoge)
Non-specific Short Range Devices (169.4-169.4875 MHz);Dispositifs à courte portée non-spécifiques (169.4-169.4875 MHz);Niet-specifieke korteafstandsapparatuur (169.4-169.4875 MHz)
Aids for hearing impaired (169.4-169.475 MHz) (Individual license required);Aides pour malentendants (169.4-169.475 MHz) (Licence individuelle requise);Hulp voor gehoorgestoorden (169.4-169.475 MHz) (Individuele vergunning vereist)
Aids for hearing impaired (169.4-169.475 MHz) (License exempt);Aides pour malentendants (169.4-169.475 MHz) (Exemption de licence);Hulp voor gehoorgestoorden (169.4-169.475 MHz) (Vrijstelling van vergunning)
Asset tracking and tracing (169.4-169.475 MHz);Localisation et poursuite des objets (169.4-169.475 MHz);Opsporen en volgen van goederen (169.4-169.475 MHz)
Non-specific Short Range Devices (169.4-169.475 MHz);Dispositifs à courte portée non-spécifiques (169.4-169.475 MHz);Niet-specifieke korteafstandsapparatuur (169.4-169.475 MHz)
Social Alarms (169.475-169.4875 MHz);Alarmes sociales (169.475-169.4875 MHz);Sociale alarmen (169.475-169.4875 MHz)
Aids for hearing impaired (169.4875-169.5875 MHz) (Individual license required);Aides pour malentendants (169.4875-169.5875 MHz) (Licence individuelle requise);Hulp voor gehoorgestoorden (169.4875-169.5875 MHz) (Individuele vergunning vereist)
Aids for hearing impaired (169.4875-169.5875 MHz) (License exempt);Aides pour malentendants (169.4875-169.5875 MHz) (Exemption de licence);Hulp voor gehoorgestoorden (169.4875-169.5875 MHz) (Vrijstelling van vergunning)
Non-specific Short Range Devices (169.4875-169.5875 MHz);Dispositifs à courte portée non-spécifiques (169.4875-169.5875 MHz);Niet-specifieke korteafstandsapparatuur (169.4875-169.5875 MHz)
Non-specific Short Range Devices (169.5875-169.8125 MHz);Dispositifs à courte portée non-spécifiques (169.5875-169.8125 MHz);Niet-specifieke korteafstandsapparatuur (169.5875-169.8125 MHz)
Social Alarms (169.5875-169.6 MHz);Alarmes sociales (169.5875-169.6 MHz);Sociale alarmen (169.5875-169.6 MHz)
PMR (169.825-174 MHz) (Analogue);PMR (169.825-174 MHz) (Analogique);PMR (169.825-174 MHz) (Analoge)
PMR (169.825-174 MHz) (Digital);PMR (169.825-174 MHz) (Numérique);PMR (169.825-174 MHz) (Digitaal)
T-DAB;T-DAB;T-DAB
Intercom (174-216 MHz);Interphonie sans cordon (174-216 MHz);Draadloze intercomsystemen (174-216 MHz)
SAP/SAB vehicular audio links (174-216 MHz);Liaisons audio à bord de véhicules (SAP/SAB) (174-216 MHz);Audioverbindingen in voertuigen voor het ondersteunen van omroep en het maken van omroepprogramma’s (174-216 MHz)
Radio microphones (174-202 MHz);Microphones sans fil (174-202 MHz);Draadloze microfoons (174-202 MHz)
Radio microphones (202-209 MHz);Microphones sans fil (202-209 MHz);Draadloze microfoons (202-209 MHz)
Radio microphones (209-216 MHz);Microphones sans fil (209-216 MHz);Draadloze microfoons (209-216 MHz)
EPIRBs;EPIRBs;EPIRBs
Radio astronomy;Radioastronomie;Sterrekunde
PPDR;PPDR;PPDR
Active medical implants (401-402 MHz);Implants médicaux actifs (401-402 MHz);Actieve medische implantaten (401-402 MHz)
Ultra Low Power Active Medical Implants (402-405 MHz);Implants médicaux actifs de puissance ultra basse (402-405 MHz);Actieve medische implantaatsystemen met ultralaag vermogen (402-405 MHz)
Active medical implants (405-406 MHz);Implants médicaux actifs (405-406 MHz);Actieve medische implantaten (405-406 MHz)
PAMR (415-419 MHz);PAMR (415-419 MHz);PAMR (415-419 MHz)
PAMR (425-429 MHz);PAMR (425-429 MHz);PAMR (425-429 MHz)
Non-specific Short Range Devices (433.04-434.79 MHz);Dispositifs à courte portée non-spécifiques (433.04-434.79 MHz);Niet-specifieke korteafstandsapparatuur (433.04-434.79 MHz)
ISM (433.05-434.79 MHz);ISM (433.05-434.79 MHz);ISM (433.05-434.79 MHz)
Non-specific Short Range Devices (433.05-434.04 MHz);Dispositifs à courte portée non-spécifiques (433.05-434.04 MHz);Niet-specifieke korteafstandsapparatuur (433.05-434.04 MHz)
Amateur-satellite (435-438 MHz);Amateur par satellite (435-438 MHz);Amateur via satelliet (435-438 MHz)
PMR446 (Analogue) (446-446.2 MHz);PMR446 (analogique) (446-446.2 MHz);PMR446 (Analoog) (446-446.2 MHz)
PMR446 (Digital) (446-446.2 MHz);PMR446 (Numérique) (446-446.2 MHz);PMR446 (Digitaal) (446-446.2 MHz)
Medical implants (448.1125-448.4125 MHz);Implants médicaux (448.1125-448.4125 MHz);Medische implantaten (448.1125-448.4125 MHz)
Medical implants (457.5125-457.6125 MHz);Implants médicaux (457.5125-457.6125 MHz);Medische implantaten (457.5125-457.6125 MHz)
On-board communications (457.525-457.575 MHz);Communications à bord (457.525-457.575 MHz);Communicatie aan boord (457.525-457.575 MHz)
On-board communications (467.525-467.575 MHz);Communications à bord (467.525-467.575 MHz);Communicatie aan boord (467.525-467.575 MHz)
Medical implants (467.7375-467.9375 MHz);Implants médicaux (467.7375-467.9375 MHz);Medische implantaten (467.7375-467.9375 MHz)
Intercom;Interphonie sans cordon;Draadloze intercomsystemen
DVB-T;DVB-T;DVB-T
SAP/SAB vehicular audio links;Liaisons audio à bord de véhicules (SAP/SAB);Audioverbindingen in voertuigen voor het ondersteunen van omroep en het maken van omroepprogramma’s
Radio microphones (470-518 MHz);Microphones sans fil (470-518 MHz);Draadloze microfoons (470-518 MHz)
Medical implants (470.0125-470.2125 MHz);Implants médicaux (470.0125-470.2125 MHz);Medische implantaten (470.0125-470.2125 MHz)
Radio microphones (518-526 MHz);Microphones sans fil (518-526 MHz);Draadloze microfoons (518-526 MHz)
Radio microphones (526-534 MHz);Microphones sans fil (526-534 MHz);Draadloze microfoons (526-534 MHz)
Radio microphones (534-542 MHz);Microphones sans fil (534-542 MHz);Draadloze microfoons (534-542 MHz)
Radio microphones (542-694 MHz);Microphones sans fil (542-694 MHz);Draadloze microfoons (542-694 MHz)
Intercom (470-686 MHz);Interphonie sans cordon (470-686 MHz);Draadloze intercomsystemen (470-686 MHz)
SAP/SAB vehicular audio links (614-684 MHz);Liaisons audio à bord de véhicules (SAP/SAB) (614-684 MHz);Audioverbindingen in voertuigen voor het ondersteunen van omroep en het maken van omroepprogramma’s (614-684 MHz)
SAP/SAB vehicular audio links (684-780 MHz);Liaisons audio à bord de véhicules (SAP/SAB) (684-780 MHz);Audioverbindingen in voertuigen voor het ondersteunen van omroep en het maken van omroepprogramma’s (684-780 MHz)
Intercom (686-782 MHz);Interphonie sans cordon (686-782 MHz);Draadloze intercomsystemen (686-782 MHz)
Radio microphones (694-786 MHz);Microphones sans fil (694-786 MHz);Draadloze microfoons (694-786 MHz)
Radio microphones (786-789 MHz);Microphones sans fil (786-789 MHz);Draadloze microfoons (786-789 MHz)
Public mobile networks (791-821 MHz);Réseaux mobiles publics (791-821 MHz);Publieke mobiele netwerken (791-821 MHz)
Radio microphones (823-826 MHz);Microphones sans fil (823-826 MHz);Draadloze microfoons (823-826 MHz)
Public mobile networks;Réseaux mobiles publics;Publieke mobiele netwerken
Wideband Data Transmission Systems (863-868 MHz);Systèmes de transmission de données large bande (863-868 MHz);Breedbanddatatransmissie systemen (863-868 MHz)
Non-specific Short Range Devices (863-865 MHz);Dispositifs à courte portée non-spécifiques (863-865 MHz);Niet-specifieke korteafstandsapparatuur (863-865 MHz)
Radio microphones (863-865 MHz);Microphones sans fil (863-865 MHz);Draadloze microfoons (863-865 MHz)
Wireless audio/multimedia (863-865 MHz);Applications audio/multimédias sans fil (863-865 MHz);Draadloze audio/multimedia (863-865 MHz)
CT2 (864.1-868.1 MHz);CT2 (864.1-868.1 MHz);CT2 (864.1-868.1 MHz)
Non-specific Short Range Devices (865-868 MHz);Dispositifs à courte portée non-spécifiques (865-868 MHz);Niet-specifieke korteafstandsapparatuur (865-868 MHz)
RFID (865-868 MHz) (2 W);RFID (865-868 MHz) (2 W);RFID (865-868 MHz) (2 W)
RFID (865-865.6 MHz) (100 mW);RFID (865-865.6 MHz) (100 mW);RFID (865-865.6 MHz) (100 mW)
RFID (867.6-868 MHz) (500 mW);RFID (867.6-868 MHz) (500 mW);RFID (867.6-868 MHz) (500 mW)
Non-specific Short Range Devices (868-868.6 MHz);Dispositifs à courte portée non-spécifiques (868-868.6 MHz);Niet-specifieke korteafstandsapparatuur (868-868.6 MHz)
Alarms;Alarmes;Alarmen
Non-specific Short Range Devices;Dispositifs à courte portée non-spécifiques;Niet-specifieke korteafstandsapparatuur
Social Alarms;Alarmes sociales;Sociale alarmen
Non-specific Short Range Devices (874-874.4 MHz);Dispositifs à courte portée non-spécifiques (874-874.4 MHz);Niet-specifieke korteafstandsapparatuur (874-874.4 MHz)
GSM-R;GSM-R;GSM-R
RFID (916.1-918.9 MHz);RFID (916.1-918.9 MHz);RFID (916.1-918.9 MHz)
Assistive Listening Devices (916.1-916.5 MHz);Dispositifs d’aide à l’audition (916.1-916.5 MHz);Apparatuur voor ondersteund horen (916.1-916.5 MHz)
Non-specific Short Range Devices (917.3-918.9 MHz);Dispositifs à courte portée non-spécifiques (917.3-918.9 MHz);Niet-specifieke korteafstandsapparatuur (917.3-918.9 MHz)
Assistive Listening Devices (917.3-917.7 MHz);Dispositifs d’aide à l’audition (917.3-917.7 MHz);Apparatuur voor ondersteund horen (917.3-917.7 MHz)
Non-specific Short Range Devices (917.4-919.9 MHz);Dispositifs à courte portée non-spécifiques (917.4-919.9 MHz);Niet-specifieke korteafstandsapparatuur (917.4-919.9 MHz)
Wideband Data Transmission Systems (917.4-919.9 MHz);Systèmes de transmission de données large bande (917.4-919.9 MHz);Breedbanddatatransmissie systemen (917.4-919.9 MHz)
Assistive Listening Devices (918.5-918.9 MHz);Dispositifs d’aide à l’audition (918.5-918.9 MHz);Apparatuur voor ondersteund horen (918.5-918.9 MHz)
Assistive Listening Devices (919.7-920.1 MHz);Dispositifs d’aide à l’audition (919.7-920.1 MHz);Apparatuur voor ondersteund horen (919.7-920.1 MHz)
Aeronautical surveillance;Surveillance aéronautique;Luchtvaartbewaking
DME;DME;DME
JTIDS/MIDS;JTIDS/MIDS;JTIDS/MIDS
TACAN-DME;TACAN-DME;TACAN-DME
Satellite navigation systems;Systèmes de navigation par satellite;Satelliet navigatiesystemen
Tactical radio relay;Faisceaux hertziens tactiques;Tactische straalverbinding
Point-to-Point (No new assignments);Point-à-point (Pas de nouvelle assignation);Punt-tot-punt (Geen nieuwe toewijzingen)
Public mobile networks (Foreseen);Réseaux mobiles publics (Prévu);Publieke mobiele netwerken (Voorzien)
Point-to-Point (1427-1439.5 MHz) (No new assignments);Point-à-point (1427-1439.5 MHz) (Pas de nouvelle assignation);Punt-tot-punt (1427-1439.5 MHz) (Geen nieuwe toewijzingen)
Point-to-Point (1492-1504.5 MHz) (No new assignments);Point-à-point (1492-1504.5 MHz) (Pas de nouvelle assignation);Punt-tot-punt (1492-1504.5 MHz) (Geen nieuwe toewijzingen)
Point-to-Point (Unidirectional links);Point-à-point (Liaisons unidirectionnelles);Punt-tot-punt (Unidirectionneel verbindingen)
INMARSAT;INMARSAT;INMARSAT
SAR (communications) (1544-1545 MHz);SAR (communications) (1544-1545 MHz);SAR (communicatie) (1544-1545 MHz)
INMARSAT C (GMDSS-non SOLAS);INMARSAT C (GMDSS-non SOLAS);INMARSAT C (GMDSS-non SOLAS)
INMARSAT C (GMDSS-SOLAS);INMARSAT C (GMDSS-SOLAS);INMARSAT C (GMDSS-SOLAS)
MSS Earth stations;Stations Terrienne du SMS;Grondstations behorende tot de mobiele dienst via satelliet
SAR (communications) (1645.5-1646.5 MHz);SAR (communications) (1645.5-1646.5 MHz);SAR (communicatie) (1645.5-1646.5 MHz)
Meteorology;Météorologie;Meteorologie
Mobile Communications on Board Aircraft;Communications mobiles à bord d'aéronefs;Mobiele communicatie aan boord van luchtvaartuigen
Mobile Communications on Board Vessel (1731.1-1733.5 MHz);Communications mobiles à bord des navires (1731.1-1733.5 MHz);Mobiele communicatie aan boord van vaartuigen (1731.1-1733.5 MHz)
Wireless audio/multimedia (1795-1800 MHz);Applications audio/multimédias sans fil (1795-1800 MHz);Draadloze audio/multimedia (1795-1800 MHz)
Mobile Communications on Board Vessel (1826.1-1828.5 MHz);Communications mobiles à bord des navires (1826.1-1828.5 MHz);Mobiele communicatie aan boord van vaartuigen (1826.1-1828.5 MHz)
DECT;DECT;DECT
PMSE (Temporary links);PMSE (Liaisons temporaires);PMSE (Tijdelijk verbindingen)
Video PMSE;PMSE vidéo;Video-PMSE
Video PMSE (2200-2400 MHz);PMSE vidéo (2200-2400 MHz);Video-PMSE (2200-2400 MHz)
ISM (2400-2483.5 MHz);ISM (2400-2483.5 MHz);ISM (2400-2483.5 MHz)
Non-specific Short Range Devices (2400-2483.5 MHz);Dispositifs à courte portée non-spécifiques (2400-2483.5 MHz);Niet-specifieke korteafstandsapparatuur (2400-2483.5 MHz)
Wideband Data Transmission Systems (2400-2483.5 MHz);Systèmes de transmission de données large bande (2400-2483.5 MHz);Breedbanddatatransmissie systemen (2400-2483.5 MHz)
Amateur-satellite (2400-2450 MHz);Amateur par satellite (2400-2450 MHz);Amateur via satelliet (2400-2450 MHz)
RFID (2446-2454 MHz) (Indoor applications);RFID (2446-2454 MHz) (Applications intérieures);RFID (2446-2454 MHz) (Toepassingen binnenshuis)
RFID (2446-2454 MHz);RFID (2446-2454 MHz);RFID (2446-2454 MHz)
Euroloop (2446.25-2453.75 MHz) (Identification of railway wagons);Euroloop (2446.25-2453.75 MHz) (Identification des wagons de chemin de fer);Euroloop (2446.25-2453.75 MHz) (Identificatie voor spoorwegwagons)
ISM;ISM;ISM
Wideband Data Transmission Systems;Systèmes de transmission de données large bande;Breedbanddatatransmissie systemen
Medical Body Area Network System;Système à réseaux radioélectriques corporels médicaux;Medisch netwerksysteem van lichaamssensoren
Medical implants;Implants médicaux;Medische implantaten
Primary radar;Radar primaire;Primaire radar
Radiolocation (military);Radiolocalisation (militaire);Radiolocalisatie (militair)
Maritime radar (Maritime radar (non SOLAS));Radar maritime (Radar maritime (non SOLAS));Maritieme radar (Maritime radar (niet SOLAS))
Maritime radar (Inland waterways radar);Radar maritime (Radar pour les eaux intérieures);Maritieme radar (Radar op de binnenwateren)
Broadband Wireless Access (3410-3500 MHz);Accès radioélectrique à large bande (3410-3500 MHz);Breedband Radiotoegang (3410-3500 MHz)
Broadband Wireless Access (3510-3600 MHz);Accès radioélectrique à large bande (3510-3600 MHz);Breedband Radiotoegang (3510-3600 MHz)
Point-to-Point (3600-3800 MHz) (No new assignments);Point-à-point (3600-3800 MHz) (Pas de nouvelle assignation);Punt-tot-punt (3600-3800 MHz) (Geen nieuwe toewijzingen)
FSS Earth stations;Stations Terrienne du SFS;Grondstations in de vaste dienst via satelliet
Point-to-Point (3800-4200 MHz) (ERC/REC 12-08 Annex B);Point-à-point (3800-4200 MHz) (ERC/REC 12-08 Annex B);Punt-tot-punt (3800-4200 MHz) (ERC/REC 12-08 Annex B)
Non-specific Short Range Devices (3100-4800 MHz);Dispositifs à courte portée non-spécifiques (3100-4800 MHz);Niet-specifieke korteafstandsapparatuur (3100-4800 MHz)
Tank Level Probing Radar (4500-7000 MHz);Dispositifs de niveaumétrie de cuve (TLPR) (4500-7000 MHz);Tankniveau-sondering radar (TLPR) (4500-7000 MHz)
Tank Level Probing Radar;Dispositifs de niveaumétrie de cuve (TLPR);Tankniveau-sondering radar (TLPR)
MLS (5031-5091 MHz) (Envisaged);MLS (5031-5091 MHz) (Envisagé);MLS (5031-5091 MHz) (Gepland)
Weather radar;Radar météo;Weerradar
Wideband Data Transmission Systems (5470-5725 MHz);Systèmes de transmission de données large bande (5470-5725 MHz);Breedbanddatatransmissie systemen (5470-5725 MHz)
Amateur-satellite (5650-5670 MHz);Amateur par satellite (5650-5670 MHz);Amateur via satelliet (5650-5670 MHz)
ISM (5725-5875 MHz);ISM (5725-5875 MHz);ISM (5725-5875 MHz)
Meter reading (5725-5875 MHz);Relevé des compteurs (5725-5875 MHz);Aflezen van meters (5725-5875 MHz)
Non-specific Short Range Devices (5725-5875 MHz);Dispositifs à courte portée non-spécifiques (5725-5875 MHz);Niet-specifieke korteafstandsapparatuur (5725-5875 MHz)
Transport and Traffic Telematics (5795-5805 MHz);Télématique de la circulation et du transport routier (5795-5805 MHz);Telematica-apparatuur voor vervoer en verkeer (5795-5805 MHz)
Transport and Traffic Telematics (5805-5815 MHz);Télématique de la circulation et du transport routier (5805-5815 MHz);Telematica-apparatuur voor vervoer en verkeer (5805-5815 MHz)
Meter reading;Relevé des compteurs;Aflezen van meters
FSS Earth stations (5850-6425 MHz);Stations Terrienne du SFS (5850-6425 MHz);Grondstations in de vaste dienst via satelliet (5850-6425 MHz)
Intelligent Transport Systems (5875-5905 MHz);Systèmes de transport intelligents (5875-5905 MHz);Intelligente vervoerssystemen (5875-5905 MHz)
Point-to-Point (5925-6425 MHz);Point-à-point (5925-6425 MHz);Punt-tot-punt (5925-6425 MHz)
Non-specific Short Range Devices (6000-9000 MHz);Dispositifs à courte portée non-spécifiques (6000-9000 MHz);Niet-specifieke korteafstandsapparatuur (6000-9000 MHz)
Level Probing Radar (6000-8500 MHz);Radar de niveaumétrie (6000-8500 MHz);Radar voor niveausondering (6000-8500 MHz)
Non-specific Short Range Devices (6000-8500 MHz);Dispositifs à courte portée non-spécifiques (6000-8500 MHz);Niet-specifieke korteafstandsapparatuur (6000-8500 MHz)
Point-to-Point (6425-7125 MHz);Point-à-point (6425-7125 MHz);Punt-tot-punt (6425-7125 MHz)
SAP/SAB P to P video links (6425-7125 MHz);Liaisons video point-à-point (SAP/SAB) (6425-7125 MHz);Punt tot punt video voor omroep en het maken van programma's (6425-7125 MHz)
Level Probing Radar;Radar de niveaumétrie;Radar voor niveausondering
SAP/SAB P to P video links;Liaisons video point-à-point (SAP/SAB);Punt tot punt video voor omroep en het maken van programma's
Satellite systems (military);Systèmes par satellite (militaire);Satellietsystemen (militair)
Point-to-Point (7425-7900 MHz);Point-à-point (7425-7900 MHz);Punt-tot-punt (7425-7900 MHz)
SAP/SAB P to P video links (7375-7484 MHz);Liaisons video point-à-point (SAP/SAB) (7375-7484 MHz);Punt tot punt video voor omroep en het maken van programma's (7375-7484 MHz)
SAP/SAB P to P video links (7596-7729 MHz);Liaisons video point-à-point (SAP/SAB) (7596-7729 MHz);Punt tot punt video voor omroep en het maken van programma's (7596-7729 MHz)
SAP/SAB P to P video links (7841-7900 MHz);Liaisons video point-à-point (SAP/SAB) (7841-7900 MHz);Punt tot punt video voor omroep en het maken van programma's (7841-7900 MHz)
Fixed radio relay (military) (8200-8500 MHz);Faisceaux hertziens (militaire) (8200-8500 MHz);Straalverbindingen (militair) (8200-8500 MHz)
Point-to-Point (8275-8500 MHz);Point-à-point (8275-8500 MHz);Punt-tot-punt (8275-8500 MHz)
Fixed radio relay (military);Faisceaux hertziens (militaire);Straalverbindingen (militair)
Maritime navigation;Navigation maritime;Maritieme navigatie
Broadband Wireless Access;Accès radioélectrique à large bande;Breedband Radiotoegang
Detection of movement and alert;Détection du mouvement et alerte;Bewegingsdetectie
Radiolocation (civil);Radiolocalisation (civil);Radiolocalisatie (civiel)
SAP/SAB P to P video links (10.56-10.588 GHz);Liaisons video point-à-point (SAP/SAB) (10.56-10.588 GHz);Punt tot punt video voor omroep en het maken van programma's (10.56-10.588 GHz)
Broadband Wireless Access (10.5-10.65 GHz);Accès radioélectrique à large bande (10.5-10.65 GHz);Breedband Radiotoegang (10.5-10.65 GHz)
SIT/SUT;SIT/SUT;SIT/SUT
SNG;SNG;SNG
VSAT;VSAT;VSAT
FSS Earth stations (No new assignments);Stations Terrienne du SFS (Pas de nouvelle assignation);Grondstations in de vaste dienst via satelliet (Geen nieuwe toewijzingen)
Ground Based Synthetic Aperture Radar (17.1-17.3 GHz);Radar terrestre à synthèse d’ouverture (GBSAR) (17.1-17.3 GHz);Grondradar met synthetische apertuur (GBSAR) (17.1-17.3 GHz)
Short-range radar (21.65-24.25 GHz);Systèmes radar à courte portée (21.65-24.25 GHz);Kortbereikradarapparatuur (21.65-24.25 GHz)
Short-range radar;Systèmes radar à courte portée;Kortbereikradarapparatuur
Transport and Traffic Telematics (24.05-24.075 GHz);Télématique de la circulation et du transport routier (24.05-24.075 GHz);Telematica-apparatuur voor vervoer en verkeer (24.05-24.075 GHz)
Transport and Traffic Telematics (24.075-24.15 GHz);Télématique de la circulation et du transport routier (24.075-24.15 GHz);Telematica-apparatuur voor vervoer en verkeer (24.075-24.15 GHz)
Transport and Traffic Telematics (24.15-24.25 GHz);Télématique de la circulation et du transport routier (24.15-24.25 GHz);Telematica-apparatuur voor vervoer en verkeer (24.15-24.25 GHz)
Transport and Traffic Telematics;Télématique de la circulation et du transport routier;Telematica-apparatuur voor vervoer en verkeer
Transport and Traffic Telematics (24.25-24.495 GHz);Télématique de la circulation et du transport routier (24.25-24.495 GHz);Telematica-apparatuur voor vervoer en verkeer (24.25-24.495 GHz)
Transport and Traffic Telematics (24.495-24.5 GHz);Télématique de la circulation et du transport routier (24.495-24.5 GHz);Telematica-apparatuur voor vervoer en verkeer (24.495-24.5 GHz)
Point-to-Point (24.549-25.333 GHz);Point-à-point (24.549-25.333 GHz);Punt-tot-punt (24.549-25.333 GHz)
Point-to-Multipoint (25.137-25.193 GHz);Point-à-multipoint (25.137-25.193 GHz);Punt-tot-multipunt (25.137-25.193 GHz)
Fixed radio relay (military) (25.333-25.445 GHz);Faisceaux hertziens (militaire) (25.333-25.445 GHz);Straalverbindingen (militair) (25.333-25.445 GHz)
Point-to-Point (25.557-26.341 GHz);Point-à-point (25.557-26.341 GHz);Punt-tot-punt (25.557-26.341 GHz)
Point-to-Multipoint (26.145-26.201 GHz);Point-à-multipoint (26.145-26.201 GHz);Punt-tot-multipunt (26.145-26.201 GHz)
Tank Level Probing Radar (24.05-27 GHz);Dispositifs de niveaumétrie de cuve (TLPR) (24.05-27 GHz);Tankniveau-sondering radar (TLPR) (24.05-27 GHz)
Level Probing Radar (24.05-26.5 GHz);Radar de niveaumétrie (24.05-26.5 GHz);Radar voor niveausondering (24.05-26.5 GHz)
Short-range radar (24.25-26.65 GHz);Systèmes radar à courte portée (24.25-26.65 GHz);Kortbereikradarapparatuur (24.25-26.65 GHz)
Fixed radio relay (military) (26.341-26.453 GHz);Faisceaux hertziens (militaire) (26.341-26.453 GHz);Straalverbindingen (militair) (26.341-26.453 GHz)
FSS Earth stations (27.5485-27.8285 GHz) (Foreseen);Stations Terrienne du SFS (27.5485-27.8285 GHz) (Prévu);Grondstations in de vaste dienst via satelliet (27.5485-27.8285 GHz) (Voorzien)
Point-to-Point (27.9405-28.1925 GHz);Point-à-point (27.9405-28.1925 GHz);Punt-tot-punt (27.9405-28.1925 GHz)
Point-to-Multipoint (28.2205-28.4445 GHz);Point-à-multipoint (28.2205-28.4445 GHz);Punt-tot-multipunt (28.2205-28.4445 GHz)
FSS Earth stations (28.5565-28.8365 GHz) (Foreseen);Stations Terrienne du SFS (28.5565-28.8365 GHz) (Prévu);Grondstations in de vaste dienst via satelliet (28.5565-28.8365 GHz) (Voorzien)
Point-to-Point (28.9485-29.2005 GHz);Point-à-point (28.9485-29.2005 GHz);Punt-tot-punt (28.9485-29.2005 GHz)
Point-to-Multipoint (29.2285-29.4525 GHz);Point-à-multipoint (29.2285-29.4525 GHz);Punt-tot-multipunt (29.2285-29.4525 GHz)
Defence systems (36-37 GHz);Systèmes militaires (36-37 GHz);Militaire systemen (36-37 GHz)
Fixed radio relay (military) (37.058-37.282 GHz) (CEPT T/R 12-01);Faisceaux hertziens (militaire) (37.058-37.282 GHz) (CEPT T/R 12-01);Straalverbindingen (militair) (37.058-37.282 GHz) (CEPT T/R 12-01)
Point-to-Point (37.308-38.178 GHz);Point-à-point (37.308-38.178 GHz);Punt-tot-punt (37.308-38.178 GHz)
Fixed radio relay (military) (38.318-38.452 GHz) (CEPT T/R 12-01);Faisceaux hertziens (militaire) (38.318-38.452 GHz) (CEPT T/R 12-01);Straalverbindingen (militair) (38.318-38.452 GHz) (CEPT T/R 12-01)
Point-to-Point (38.568-39.438 GHz);Point-à-point (38.568-39.438 GHz);Punt-tot-punt (38.568-39.438 GHz)
Satellite systems (military) (Foreseen);Systèmes par satellite (militaire) (Prévu);Satellietsystemen (militair) (Voorzien)
Point-to-Point (48.5-50.2 GHz);Point-à-point (48.5-50.2 GHz);Punt-tot-punt (48.5-50.2 GHz)
Point-to-Point (50.9-52.6 GHz);Point-à-point (50.9-52.6 GHz);Punt-tot-punt (50.9-52.6 GHz)
Unplanned. uncoordinated fixed links;Liaisons fixes non planifiées et non coordonnées;Niet-geplande en niet-gecoördineerde vaste verbindingen
ISM (61-61.5 GHz);ISM (61-61.5 GHz);ISM (61-61.5 GHz)
Non-specific Short Range Devices (61-61.5 GHz);Dispositifs à courte portée non-spécifiques (61-61.5 GHz);Niet-specifieke korteafstandsapparatuur (61-61.5 GHz)
Level Probing Radar (75-85 GHz);Radar de niveaumétrie (75-85 GHz);Radar voor niveausondering (75-85 GHz)
Tank Level Probing Radar (75-85 GHz);Dispositifs de niveaumétrie de cuve (TLPR) (75-85 GHz);Tankniveau-sondering radar (TLPR) (75-85 GHz)
Detection of movement and alert (76-77 GHz) (Obstruction/Vehicle detection via radar Sensor at railway level crossings);Détection du mouvement et alerte (76-77 GHz) (Détection des véhicules/obstructions via senseur radar sur les passages à niveaux);Bewegingsdetectie (76-77 GHz) (Hindernis-/voertuigdetectie via radarsensor op gelijkvloerse overwegen)
Transport and Traffic Telematics (76-77 GHz);Télématique de la circulation et du transport routier (76-77 GHz);Telematica-apparatuur voor vervoer en verkeer (76-77 GHz)
Transport and Traffic Telematics (77-81 GHz) (Short range radar for rotorcraft use);Télématique de la circulation et du transport routier (77-81 GHz) (Radars à courte portée pour appareils à voilure tournante);Telematica-apparatuur voor vervoer en verkeer (77-81 GHz) (Korteafstandsradar voor gebruik van rotorvliegtuigen)
ISM (122-123 GHz);ISM (122-123 GHz);ISM (122-123 GHz)
Non-specific Short Range Devices (122-122.25 GHz);Dispositifs à courte portée non-spécifiques (122-122.25 GHz);Niet-specifieke korteafstandsapparatuur (122-122.25 GHz)
Non-specific Short Range Devices (122.25-123 GHz);Dispositifs à courte portée non-spécifiques (122.25-123 GHz);Niet-specifieke korteafstandsapparatuur (122.25-123 GHz)
ISM (244-246 GHz);ISM (244-246 GHz);ISM (244-246 GHz)
Non-specific Short Range Devices (244-246 GHz);Dispositifs à courte portée non-spécifiques (244-246 GHz);Niet-specifieke korteafstandsapparatuur (244-246 GHz)
